parent_id,ALDH1A1,COL1A1,COL3A1,CPE,CRABP2,EBF2,ELN,FABP3,FAM210B,HSPB7,ISL1,ISLR,LDB3,LRRN3,MFAP2,MT1F,MT2A,MYBPC3,MYH6,MYH7,MYL2,MYL3,MYOM1,MYOZ2,MYRF,NPPA,NUSAP1,PAM,PTN,RSPO3,SBSPON,SLC39A8,SLC8A1,SORBS2,STMN2,TBX18,TBX5,TCF21,TNNI1,TNNT1,TOP2A,TPM1
1,0.0,0.0,5.408167787478715,0.0,0.0,0.0,4.719490443017389,0.0,5.812138499293826,0.0,0.0,0.0,4.719490443017389,0.0,0.0,6.321766996021397,0.0,7.0140153898827995,7.196187070324464,0.0,0.0,6.099072535306288,4.719490443017389,4.719490443017389,0.0,7.929766461729666,0.0,7.196187070324464,0.0,0.0,0.0,6.791096610987463,0.0,4.719490443017389,0.0,0.0,5.408167787478715,0.0,5.408167787478715,0.0,0.0,0.0
9,0.0,5.453431037699777,6.836509040003777,5.453431037699777,0.0,0.0,5.453431037699777,0.0,0.0,0.0,0.0,6.1444351289000245,0.0,0.0,7.646842497297157,6.836509040003777,6.1444351289000245,0.0,0.0,0.0,0.0,0.0,5.453431037699777,0.0,6.1444351289000245,0.0,6.1444351289000245,5.453431037699777,6.836509040003777,6.1444351289000245,0.0,0.0,0.0,0.0,0.0,0.0,7.059437799128602,0.0,0.0,0.0,5.453431037699777,5.453431037699777
11,0.0,7.0909098220799835,7.0909098220799835,0.0,6.68586094706836,0.0,0.0,0.0,0.0,0.0,0.0,5.993961427306569,0.0,0.0,7.601402334583733,0.0,0.0,0.0,0.0,0.0,0.0,0.0,0.0,0.0,5.993961427306569,0.0,6.68586094706836,5.993961427306569,5.993961427306569,7.0909098220799835,0.0,0.0,0.0,5.993961427306569,0.0,0.0,5.993961427306569,0.0,5.993961427306569,0.0,0.0,0.0
13,0.0,0.0,7.174224817643044,0.0,6.077143515095717,6.077143515095717,0.0,0.0,0.0,0.0,6.077143515095717,6.077143515095717,0.0,0.0,6.7691426758635,0.0,0.0,6.077143515095717,0.0,0.0,0.0,0.0,0.0,0.0,0.0,0.0,0.0,0.0,8.27232625629005,0.0,0.0,6.077143515095717,6.077143515095717,0.0,0.0,0.0,0.0,0.0,0.0,6.077143515095717,6.077143515095717,0.0
20,0.0,5.5008599231751285,6.19196338744912,0.0,0.0,0.0,0.0,0.0,6.19196338744912,0.0,0.0,0.0,0.0,0.0,7.799763314238887,5.5008599231751285,0.0,0.0,5.5008599231751285,0.0,0.0,0.0,0.0,0.0,5.5008599231751285,5.5008599231751285,6.19196338744912,0.0,7.895036235897418,6.19196338744912,0.0,0.0,0.0,6.596746327567768,0.0,0.0,6.19196338744912,5.5008599231751285,0.0,0.0,5.5008599231751285,0.0
51,0.0,7.0909098220799835,7.0909098220799835,0.0,5.993961427306569,5.993961427306569,0.0,0.0,0.0,0.0,0.0,0.0,0.0,0.0,7.0909098220799835,0.0,5.993961427306569,0.0,0.0,0.0,0.0,0.0,0.0,0.0,6.68586094706836,0.0,0.0,0.0,6.68586094706836,6.68586094706836,0.0,5.993961427306569,0.0,0.0,0.0,6.68586094706836,0.0,7.3783837129967145,0.0,0.0,0.0,0.0
72,0.0,0.0,0.0,0.0,0.0,0.0,0.0,0.0,5.717127377459133,0.0,0.0,0.0,5.717127377459133,0.0,0.0,0.0,0.0,5.717127377459133,7.100951831504149,0.0,0.0,0.0,5.717127377459133,0.0,0.0,8.422102987415462,0.0,7.660214277048907,0.0,0.0,0.0,5.717127377459133,5.717127377459133,0.0,0.0,0.0,0.0,0.0,5.717127377459133,0.0,0.0,0.0
112,0.0,6.121495502161354,5.430541086359215,5.430541086359215,6.121495502161354,0.0,0.0,0.0,0.0,0.0,0.0,0.0,0.0,5.430541086359215,6.526228618887641,0.0,0.0,0.0,5.430541086359215,0.0,0.0,0.0,0.0,0.0,7.729175734280353,0.0,5.430541086359215,0.0,0.0,0.0,6.526228618887641,5.430541086359215,0.0,0.0,0.0,8.065522304010056,0.0,5.430541086359215,5.430541086359215,5.430541086359215,5.430541086359215,0.0
119,0.0,0.0,0.0,5.012325407338457,0.0,0.0,0.0,0.0,0.0,5.702139334395552,0.0,0.0,5.702139334395552,0.0,0.0,5.012325407338457,5.702139334395552,7.308902621229466,7.308902621229466,0.0,0.0,6.1064908844046855,5.012325407338457,5.012325407338457,0.0,8.183980710640066,0.0,6.393615712457116,0.0,0.0,0.0,0.0,0.0,5.012325407338457,0.0,0.0,0.0,0.0,6.393615712457116,0.0,5.012325407338457,0.0
124,0.0,5.05783689558055,5.05783689558055,0.0,5.05783689558055,0.0,0.0,0.0,0.0,0.0,0.0,0.0,6.152200638293575,5.05783689558055,5.7477993600729755,0.0,0.0,7.1316985104669115,6.844282856026563,0.0,0.0,6.439350371100098,0.0,0.0,0.0,7.53689712956617,0.0,7.249392724344136,0.0,0.0,5.05783689558055,0.0,0.0,5.05783689558055,0.0,7.249392724344136,5.7477993600729755,0.0,5.7477993600729755,5.05783689558055,0.0,0.0
127,0.0,5.687374080428037,5.687374080428037,6.783724827624065,5.687374080428037,5.687374080428037,5.687374080428037,0.0,0.0,0.0,0.0,0.0,0.0,5.687374080428037,6.378825584555548,0.0,0.0,0.0,0.0,0.0,0.0,0.0,0.0,0.0,7.294097528698879,0.0,0.0,0.0,0.0,5.687374080428037,5.687374080428037,0.0,0.0,0.0,0.0,8.169169790350047,6.378825584555548,0.0,5.687374080428037,5.687374080428037,0.0,0.0
152,0.0,0.0,0.0,0.0,5.954840459801967,0.0,0.0,0.0,5.954840459801967,0.0,0.0,0.0,0.0,0.0,0.0,0.0,5.954840459801967,5.954840459801967,6.646690170246266,0.0,0.0,6.646690170246266,0.0,6.646690170246266,0.0,7.562201611235652,0.0,8.032010322833477,0.0,0.0,0.0,5.954840459801967,0.0,0.0,0.0,0.0,0.0,0.0,5.954840459801967,0.0,5.954840459801967,0.0
176,0.0,0.0,0.0,0.0,0.0,0.0,0.0,0.0,0.0,0.0,0.0,0.0,0.0,0.0,0.0,0.0,0.0,0.0,8.11202803831707,0.0,0.0,6.167915732334905,0.0,6.167915732334905,0.0,8.363275817704324,0.0,7.265129978035143,0.0,0.0,0.0,0.0,0.0,0.0,0.0,0.0,0.0,0.0,0.0,0.0,0.0,0.0
181,0.0,0.0,0.0,0.0,0.0,0.0,0.0,6.121495502161354,0.0,6.121495502161354,0.0,0.0,6.121495502161354,0.0,0.0,0.0,7.218643271861805,6.813544494621113,6.813544494621113,0.0,0.0,7.218643271861805,0.0,6.121495502161354,0.0,8.065522304010056,0.0,6.121495502161354,0.0,0.0,0.0,0.0,0.0,0.0,0.0,0.0,0.0,0.0,0.0,0.0,0.0,0.0
192,0.0,0.0,0.0,0.0,0.0,0.0,0.0,0.0,6.267799590092823,0.0,0.0,0.0,6.267799590092823,0.0,0.0,0.0,0.0,8.057977478576158,0.0,6.959998122405276,6.959998122405276,6.959998122405276,0.0,0.0,0.0,6.959998122405276,0.0,0.0,0.0,0.0,0.0,0.0,0.0,0.0,0.0,0.0,0.0,0.0,6.267799590092823,0.0,6.959998122405276,0.0
198,0.0,6.813544494621113,0.0,0.0,6.121495502161354,0.0,0.0,0.0,0.0,0.0,0.0,0.0,0.0,0.0,6.121495502161354,0.0,0.0,6.121495502161354,0.0,0.0,0.0,0.0,0.0,0.0,6.121495502161354,0.0,0.0,0.0,7.506142128543193,6.813544494621113,0.0,0.0,0.0,6.813544494621113,0.0,7.506142128543193,6.121495502161354,6.813544494621113,0.0,6.121495502161354,0.0,0.0
224,0.0,0.0,0.0,0.0,0.0,0.0,5.954840459801967,0.0,0.0,7.051722413950769,0.0,0.0,0.0,0.0,0.0,0.0,0.0,6.646690170246266,0.0,6.646690170246266,7.744436542654315,6.646690170246266,0.0,0.0,0.0,6.646690170246266,5.954840459801967,0.0,0.0,0.0,0.0,0.0,5.954840459801967,7.339187983916088,0.0,0.0,0.0,0.0,6.646690170246266,0.0,0.0,0.0
258,0.0,6.121495502161354,0.0,0.0,0.0,0.0,0.0,0.0,0.0,0.0,0.0,0.0,6.121495502161354,0.0,6.121495502161354,6.121495502161354,0.0,6.813544494621113,6.121495502161354,0.0,0.0,6.121495502161354,0.0,0.0,0.0,7.218643271861805,0.0,7.729175734280353,0.0,0.0,0.0,0.0,0.0,6.121495502161354,0.0,6.121495502161354,0.0,6.121495502161354,6.813544494621113,6.121495502161354,0.0,0.0
267,0.0,0.0,5.845940345101734,0.0,0.0,0.0,0.0,0.0,5.845940345101734,0.0,0.0,0.0,5.845940345101734,0.0,0.0,5.845940345101734,0.0,6.942623030403143,6.537640672314758,0.0,0.0,5.845940345101734,0.0,5.845940345101734,0.0,7.789368890966675,5.845940345101734,6.942623030403143,5.845940345101734,0.0,0.0,0.0,0.0,7.230063640424056,0.0,0.0,0.0,0.0,6.537640672314758,0.0,0.0,0.0
299,0.0,0.0,7.729175734280353,0.0,0.0,0.0,6.121495502161354,0.0,0.0,0.0,0.0,0.0,0.0,0.0,6.121495502161354,6.121495502161354,6.121495502161354,0.0,6.813544494621113,0.0,0.0,6.121495502161354,0.0,0.0,0.0,7.729175734280353,0.0,7.218643271861805,0.0,0.0,0.0,6.121495502161354,0.0,6.121495502161354,0.0,0.0,0.0,0.0,0.0,0.0,0.0,0.0
340,0.0,0.0,0.0,0.0,0.0,0.0,0.0,0.0,0.0,0.0,0.0,0.0,0.0,0.0,0.0,0.0,0.0,8.065522304010056,6.813544494621113,0.0,0.0,6.121495502161354,6.121495502161354,0.0,6.121495502161354,7.506142128543193,0.0,6.121495502161354,0.0,0.0,0.0,0.0,0.0,0.0,0.0,7.506142128543193,0.0,0.0,6.121495502161354,0.0,0.0,0.0
381,0.0,0.0,0.0,0.0,0.0,0.0,0.0,0.0,0.0,5.88093194910298,0.0,0.0,5.88093194910298,0.0,0.0,5.88093194910298,6.572682063274631,6.977681048517689,7.824445930877619,0.0,0.0,5.88093194910298,0.0,6.572682063274631,0.0,7.670361888840676,0.0,6.572682063274631,0.0,0.0,0.0,0.0,0.0,0.0,0.0,0.0,6.572682063274631,0.0,0.0,0.0,0.0,0.0
448,0.0,0.0,0.0,0.0,0.0,0.0,0.0,6.121495502161354,0.0,0.0,0.0,0.0,7.218643271861805,0.0,0.0,0.0,6.121495502161354,6.813544494621113,7.729175734280353,0.0,0.0,0.0,0.0,0.0,0.0,7.218643271861805,0.0,7.729175734280353,0.0,0.0,0.0,0.0,6.121495502161354,0.0,0.0,0.0,6.121495502161354,0.0,0.0,0.0,0.0,0.0
469,0.0,0.0,0.0,0.0,0.0,0.0,0.0,6.2166061010848646,0.0,0.0,0.0,0.0,0.0,0.0,0.0,0.0,0.0,6.2166061010848646,7.313886831633462,0.0,0.0,0.0,0.0,6.90875477931522,6.2166061010848646,8.006700845440367,6.2166061010848646,7.313886831633462,0.0,0.0,0.0,0.0,0.0,0.0,0.0,0.0,6.2166061010848646,0.0,0.0,0.0,6.2166061010848646,0.0
496,0.0,0.0,0.0,0.0,0.0,0.0,0.0,0.0,0.0,0.0,0.0,0.0,6.034683666227958,0.0,0.0,6.034683666227958,6.034683666227958,0.0,7.642204338899188,0.0,0.0,0.0,0.0,0.0,0.0,7.642204338899188,6.034683666227958,7.824445930877619,0.0,0.0,0.0,0.0,0.0,0.0,0.0,0.0,7.1316985104669115,0.0,0.0,0.0,6.034683666227958,0.0
499,0.0,0.0,6.2166061010848646,0.0,0.0,0.0,0.0,0.0,0.0,0.0,0.0,0.0,0.0,0.0,6.2166061010848646,0.0,6.2166061010848646,7.313886831633462,8.006700845440367,0.0,0.0,6.2166061010848646,0.0,6.2166061010848646,0.0,6.2166061010848646,0.0,6.90875477931522,0.0,0.0,0.0,0.0,0.0,6.2166061010848646,0.0,0.0,0.0,0.0,6.90875477931522,0.0,0.0,0.0
517,0.0,6.860014563948276,0.0,0.0,6.167915732334905,0.0,0.0,0.0,0.0,0.0,0.0,0.0,0.0,0.0,6.167915732334905,0.0,0.0,7.957927342245102,6.167915732334905,6.167915732334905,0.0,7.265129978035143,0.0,0.0,6.860014563948276,0.0,6.167915732334905,0.0,0.0,0.0,0.0,0.0,6.167915732334905,6.860014563948276,0.0,0.0,0.0,0.0,0.0,0.0,0.0,0.0
564,0.0,6.68586094706836,0.0,0.0,6.68586094706836,0.0,0.0,0.0,0.0,0.0,0.0,0.0,0.0,0.0,7.3783837129967145,0.0,0.0,0.0,0.0,0.0,0.0,0.0,0.0,0.0,7.3783837129967145,0.0,0.0,0.0,0.0,0.0,7.0909098220799835,0.0,0.0,0.0,0.0,7.937731775260109,0.0,0.0,0.0,7.0909098220799835,0.0,0.0
565,0.0,7.313886831633462,6.90875477931522,6.2166061010848646,0.0,0.0,0.0,0.0,6.90875477931522,0.0,0.0,6.90875477931522,0.0,0.0,6.2166061010848646,0.0,0.0,0.0,6.90875477931522,0.0,0.0,0.0,0.0,0.0,0.0,6.90875477931522,6.2166061010848646,0.0,6.2166061010848646,0.0,0.0,0.0,0.0,0.0,0.0,6.2166061010848646,0.0,6.90875477931522,0.0,0.0,0.0,0.0
591,0.0,0.0,0.0,0.0,0.0,0.0,0.0,0.0,0.0,0.0,0.0,0.0,6.439350371100098,0.0,0.0,0.0,0.0,7.53689712956617,7.1316985104669115,0.0,0.0,6.439350371100098,0.0,6.844282856026563,0.0,7.942184538873334,0.0,7.1316985104669115,0.0,0.0,0.0,0.0,0.0,0.0,0.0,0.0,5.7477993600729755,0.0,5.7477993600729755,0.0,0.0,0.0
592,0.0,0.0,0.0,0.0,0.0,0.0,0.0,0.0,0.0,0.0,0.0,0.0,0.0,0.0,0.0,0.0,0.0,7.313886831633462,7.313886831633462,0.0,0.0,6.2166061010848646,6.2166061010848646,6.2166061010848646,0.0,8.517393171418904,0.0,0.0,0.0,0.0,0.0,6.2166061010848646,0.0,0.0,0.0,0.0,0.0,0.0,0.0,0.0,0.0,0.0
599,0.0,0.0,0.0,0.0,0.0,0.0,0.0,0.0,0.0,0.0,0.0,0.0,6.167915732334905,0.0,0.0,0.0,0.0,6.167915732334905,0.0,6.860014563948276,0.0,7.265129978035143,7.265129978035143,6.860014563948276,0.0,0.0,0.0,6.167915732334905,0.0,0.0,0.0,0.0,6.860014563948276,7.552637157608365,0.0,0.0,0.0,0.0,0.0,0.0,6.167915732334905,6.167915732334905
606,0.0,6.2166061010848646,0.0,0.0,0.0,6.2166061010848646,0.0,0.0,0.0,6.90875477931522,0.0,6.2166061010848646,0.0,0.0,7.313886831633462,0.0,0.0,6.2166061010848646,6.2166061010848646,6.2166061010848646,0.0,6.2166061010848646,0.0,0.0,6.2166061010848646,0.0,6.2166061010848646,0.0,6.2166061010848646,0.0,0.0,0.0,6.2166061010848646,6.90875477931522,0.0,6.2166061010848646,6.2166061010848646,0.0,0.0,0.0,0.0,0.0
607,0.0,0.0,0.0,0.0,0.0,0.0,5.687374080428037,0.0,0.0,0.0,0.0,0.0,6.783724827624065,0.0,0.0,0.0,5.687374080428037,8.249190709087875,0.0,5.687374080428037,6.378825584555548,6.378825584555548,5.687374080428037,5.687374080428037,0.0,0.0,0.0,6.378825584555548,0.0,0.0,0.0,0.0,6.378825584555548,6.783724827624065,0.0,0.0,5.687374080428037,0.0,0.0,0.0,0.0,5.687374080428037
612,0.0,0.0,0.0,0.0,0.0,0.0,0.0,0.0,6.267799590092823,0.0,0.0,0.0,0.0,6.959998122405276,6.267799590092823,0.0,0.0,0.0,0.0,0.0,0.0,0.0,0.0,0.0,6.267799590092823,0.0,6.267799590092823,0.0,0.0,0.0,0.0,0.0,7.365146814340268,0.0,0.0,8.212082933606414,6.959998122405276,0.0,0.0,6.267799590092823,0.0,0.0
652,0.0,0.0,0.0,0.0,0.0,0.0,0.0,6.167915732334905,0.0,0.0,0.0,0.0,6.167915732334905,0.0,0.0,0.0,0.0,7.552637157608365,6.860014563948276,0.0,0.0,0.0,0.0,0.0,0.0,7.265129978035143,0.0,8.2455219414855,0.0,0.0,0.0,0.0,0.0,0.0,0.0,0.0,0.0,0.0,6.860014563948276,0.0,0.0,0.0
715,0.0,0.0,0.0,0.0,0.0,0.0,0.0,0.0,0.0,0.0,0.0,0.0,6.167915732334905,6.167915732334905,0.0,0.0,0.0,7.775675758511548,0.0,0.0,0.0,7.552637157608365,0.0,0.0,0.0,0.0,0.0,6.167915732334905,0.0,0.0,0.0,0.0,6.167915732334905,6.860014563948276,0.0,0.0,0.0,0.0,6.860014563948276,0.0,7.552637157608365,0.0
779,0.0,0.0,0.0,0.0,5.917199867519596,0.0,0.0,5.917199867519596,0.0,5.917199867519596,0.0,0.0,0.0,0.0,0.0,0.0,0.0,7.7067128739802735,0.0,7.301472639381708,6.608999776101094,6.608999776101094,5.917199867519596,0.0,0.0,6.608999776101094,0.0,0.0,0.0,0.0,0.0,0.0,0.0,7.0140153898827995,0.0,0.0,5.917199867519596,0.0,5.917199867519596,0.0,5.917199867519596,5.917199867519596
818,0.0,0.0,0.0,0.0,0.0,0.0,0.0,0.0,0.0,0.0,0.0,0.0,6.68586094706836,0.0,0.0,5.993961427306569,0.0,7.3783837129967145,5.993961427306569,0.0,0.0,7.0909098220799835,0.0,5.993961427306569,0.0,7.937731775260109,0.0,7.3783837129967145,0.0,0.0,0.0,0.0,5.993961427306569,0.0,0.0,0.0,5.993961427306569,0.0,0.0,0.0,0.0,0.0
829,0.0,6.034683666227958,6.7266330027636645,6.034683666227958,0.0,0.0,6.034683666227958,0.0,0.0,0.0,0.0,0.0,0.0,0.0,7.419180722820095,0.0,0.0,6.034683666227958,0.0,0.0,0.0,0.0,0.0,0.0,6.034683666227958,7.978539489064328,0.0,6.034683666227958,0.0,0.0,0.0,6.034683666227958,0.0,0.0,0.0,7.1316985104669115,0.0,6.034683666227958,0.0,0.0,0.0,0.0
837,0.0,0.0,0.0,0.0,0.0,0.0,0.0,6.2166061010848646,0.0,6.2166061010848646,0.0,0.0,6.2166061010848646,0.0,0.0,0.0,0.0,8.160803920954665,0.0,6.2166061010848646,0.0,6.2166061010848646,6.2166061010848646,6.2166061010848646,0.0,6.2166061010848646,6.2166061010848646,0.0,0.0,0.0,0.0,0.0,0.0,0.0,0.0,0.0,0.0,0.0,6.90875477931522,0.0,6.2166061010848646,6.2166061010848646
846,0.0,0.0,0.0,6.813544494621113,0.0,0.0,0.0,0.0,0.0,0.0,0.0,0.0,0.0,0.0,0.0,7.218643271861805,7.218643271861805,6.813544494621113,7.506142128543193,0.0,0.0,6.121495502161354,0.0,0.0,6.121495502161354,6.813544494621113,0.0,7.506142128543193,0.0,0.0,0.0,0.0,0.0,0.0,0.0,0.0,0.0,0.0,0.0,0.0,0.0,0.0
922,0.0,0.0,7.461715351917766,0.0,0.0,0.0,0.0,0.0,0.0,0.0,0.0,6.077143515095717,0.0,6.077143515095717,0.0,0.0,0.0,0.0,0.0,0.0,0.0,0.0,0.0,0.0,7.174224817643044,0.0,0.0,0.0,0.0,0.0,6.7691426758635,0.0,0.0,0.0,0.0,8.154575156406663,0.0,6.077143515095717,0.0,7.174224817643044,0.0,0.0
957,0.0,0.0,0.0,0.0,0.0,0.0,0.0,0.0,0.0,0.0,0.0,0.0,0.0,0.0,0.0,0.0,6.572682063274631,0.0,6.977681048517689,0.0,0.0,0.0,0.0,6.572682063274631,6.572682063274631,8.363275817704324,0.0,6.572682063274631,0.0,0.0,0.0,0.0,0.0,5.88093194910298,0.0,6.977681048517689,0.0,0.0,0.0,5.88093194910298,0.0,0.0
997,0.0,0.0,5.687374080428037,0.0,0.0,0.0,0.0,0.0,0.0,0.0,0.0,0.0,0.0,0.0,0.0,0.0,0.0,7.476305822759816,7.294097528698879,0.0,0.0,7.294097528698879,0.0,5.687374080428037,0.0,7.07112384743449,0.0,7.476305822759816,5.687374080428037,0.0,0.0,5.687374080428037,0.0,5.687374080428037,0.0,0.0,6.783724827624065,0.0,0.0,0.0,0.0,0.0
1059,0.0,0.0,0.0,0.0,0.0,0.0,0.0,0.0,0.0,0.0,0.0,0.0,6.2166061010848646,0.0,0.0,0.0,6.2166061010848646,6.90875477931522,6.2166061010848646,0.0,0.0,6.90875477931522,6.2166061010848646,0.0,0.0,8.160803920954665,0.0,7.313886831633462,0.0,0.0,0.0,0.0,0.0,6.2166061010848646,0.0,0.0,6.2166061010848646,0.0,0.0,0.0,0.0,0.0
1116,0.0,6.608999776101094,7.301472639381708,0.0,0.0,0.0,0.0,0.0,5.917199867519596,0.0,0.0,0.0,0.0,7.0140153898827995,0.0,0.0,0.0,0.0,5.917199867519596,0.0,0.0,0.0,0.0,0.0,6.608999776101094,6.608999776101094,0.0,5.917199867519596,5.917199867519596,0.0,0.0,0.0,0.0,6.608999776101094,0.0,7.860799294944249,0.0,0.0,0.0,5.917199867519596,0.0,0.0
1164,0.0,0.0,0.0,6.167915732334905,0.0,0.0,0.0,0.0,0.0,0.0,0.0,0.0,7.265129978035143,0.0,0.0,0.0,0.0,7.552637157608365,6.167915732334905,6.860014563948276,0.0,6.167915732334905,6.860014563948276,0.0,6.860014563948276,0.0,6.167915732334905,6.167915732334905,0.0,0.0,0.0,0.0,6.860014563948276,0.0,0.0,0.0,0.0,0.0,6.167915732334905,0.0,0.0,0.0
1313,0.0,0.0,0.0,0.0,0.0,0.0,0.0,0.0,0.0,0.0,0.0,0.0,0.0,0.0,6.2166061010848646,0.0,0.0,6.90875477931522,6.90875477931522,0.0,0.0,7.313886831633462,6.2166061010848646,0.0,0.0,7.601402334583733,0.0,7.601402334583733,0.0,0.0,0.0,0.0,0.0,6.90875477931522,0.0,0.0,0.0,0.0,6.2166061010848646,0.0,0.0,0.0
1324,0.0,0.0,0.0,0.0,0.0,0.0,0.0,0.0,0.0,6.2166061010848646,0.0,0.0,0.0,0.0,0.0,0.0,0.0,6.2166061010848646,6.90875477931522,7.313886831633462,0.0,7.824445930877619,0.0,6.2166061010848646,6.2166061010848646,0.0,0.0,0.0,0.0,0.0,0.0,6.2166061010848646,6.2166061010848646,0.0,0.0,0.0,0.0,0.0,7.601402334583733,0.0,0.0,0.0
1356,0.0,0.0,0.0,0.0,6.077143515095717,0.0,0.0,0.0,0.0,0.0,0.0,0.0,0.0,0.0,0.0,0.0,0.0,6.7691426758635,7.461715351917766,0.0,0.0,0.0,0.0,6.077143515095717,0.0,8.63997242093645,0.0,6.077143515095717,0.0,0.0,0.0,0.0,0.0,0.0,0.0,6.077143515095717,0.0,0.0,0.0,0.0,0.0,0.0
1411,0.0,0.0,0.0,0.0,0.0,0.0,0.0,0.0,0.0,6.2166061010848646,0.0,0.0,6.2166061010848646,0.0,0.0,0.0,0.0,7.824445930877619,0.0,7.313886831633462,6.2166061010848646,6.2166061010848646,0.0,0.0,6.2166061010848646,0.0,6.2166061010848646,7.313886831633462,0.0,0.0,0.0,0.0,0.0,0.0,0.0,0.0,0.0,0.0,6.2166061010848646,6.2166061010848646,6.2166061010848646,0.0
1469,0.0,0.0,0.0,0.0,0.0,0.0,0.0,0.0,0.0,0.0,0.0,0.0,6.572682063274631,0.0,0.0,0.0,0.0,7.4881336174935935,7.265129978035143,0.0,0.0,6.572682063274631,0.0,0.0,0.0,7.4881336174935935,0.0,7.265129978035143,0.0,0.0,0.0,5.88093194910298,6.977681048517689,0.0,0.0,0.0,5.88093194910298,0.0,5.88093194910298,0.0,0.0,0.0
1474,0.0,0.0,0.0,0.0,0.0,0.0,0.0,0.0,0.0,0.0,0.0,0.0,0.0,0.0,0.0,0.0,0.0,7.313886831633462,0.0,7.313886831633462,7.313886831633462,6.90875477931522,6.2166061010848646,0.0,0.0,0.0,0.0,6.2166061010848646,0.0,0.0,0.0,0.0,6.2166061010848646,7.313886831633462,0.0,0.0,6.90875477931522,0.0,6.2166061010848646,0.0,0.0,0.0
1525,0.0,0.0,0.0,0.0,0.0,0.0,0.0,0.0,6.2166061010848646,0.0,0.0,0.0,6.2166061010848646,0.0,0.0,0.0,0.0,7.824445930877619,0.0,6.90875477931522,0.0,7.601402334583733,0.0,6.90875477931522,0.0,0.0,6.2166061010848646,0.0,0.0,0.0,0.0,6.2166061010848646,0.0,6.90875477931522,0.0,0.0,0.0,0.0,6.2166061010848646,0.0,0.0,0.0
1552,0.0,0.0,0.0,0.0,0.0,0.0,0.0,0.0,0.0,0.0,0.0,0.0,6.860014563948276,0.0,0.0,0.0,0.0,7.775675758511548,6.167915732334905,0.0,0.0,6.167915732334905,0.0,0.0,0.0,7.775675758511548,0.0,7.775675758511548,0.0,0.0,0.0,0.0,0.0,6.167915732334905,0.0,0.0,0.0,0.0,6.167915732334905,0.0,0.0,0.0
1607,0.0,0.0,0.0,6.167915732334905,0.0,0.0,0.0,0.0,0.0,0.0,0.0,0.0,6.167915732334905,0.0,6.167915732334905,0.0,0.0,7.552637157608365,6.860014563948276,0.0,0.0,7.552637157608365,6.860014563948276,0.0,0.0,6.860014563948276,0.0,7.265129978035143,0.0,0.0,0.0,0.0,0.0,0.0,0.0,0.0,6.167915732334905,0.0,0.0,0.0,0.0,0.0
1706,0.0,6.7691426758635,0.0,6.077143515095717,7.174224817643044,0.0,6.077143515095717,0.0,6.077143515095717,0.0,0.0,6.7691426758635,0.0,6.077143515095717,7.174224817643044,0.0,0.0,6.077143515095717,0.0,0.0,0.0,0.0,0.0,0.0,0.0,0.0,0.0,6.7691426758635,0.0,0.0,6.077143515095717,0.0,0.0,0.0,0.0,7.461715351917766,0.0,0.0,0.0,6.077143515095717,0.0,0.0
1829,0.0,0.0,0.0,0.0,0.0,0.0,0.0,0.0,0.0,0.0,0.0,0.0,6.267799590092823,0.0,6.267799590092823,0.0,0.0,6.267799590092823,7.652670641152844,0.0,0.0,6.959998122405276,0.0,6.267799590092823,0.0,7.652670641152844,0.0,7.365146814340268,0.0,0.0,0.0,0.0,6.959998122405276,0.0,0.0,0.0,0.0,0.0,0.0,0.0,0.0,0.0
2196,0.0,0.0,6.2166061010848646,0.0,6.90875477931522,6.2166061010848646,0.0,0.0,0.0,0.0,0.0,0.0,6.2166061010848646,0.0,0.0,6.2166061010848646,0.0,7.313886831633462,0.0,6.90875477931522,0.0,7.313886831633462,0.0,0.0,0.0,0.0,6.2166061010848646,0.0,6.2166061010848646,0.0,0.0,6.2166061010848646,0.0,6.2166061010848646,0.0,6.2166061010848646,0.0,0.0,6.2166061010848646,0.0,0.0,0.0
2372,0.0,0.0,0.0,0.0,0.0,0.0,0.0,0.0,0.0,0.0,0.0,0.0,6.121495502161354,0.0,0.0,0.0,0.0,7.506142128543193,7.506142128543193,0.0,0.0,6.121495502161354,0.0,0.0,0.0,7.911423987306794,0.0,7.218643271861805,0.0,0.0,0.0,0.0,0.0,6.121495502161354,0.0,0.0,6.813544494621113,0.0,0.0,0.0,0.0,0.0
2399,0.0,0.0,0.0,0.0,0.0,0.0,0.0,0.0,0.0,0.0,0.0,0.0,6.077143515095717,0.0,0.0,0.0,0.0,8.021084822563147,7.461715351917766,0.0,0.0,6.7691426758635,0.0,6.077143515095717,6.7691426758635,6.7691426758635,0.0,6.077143515095717,0.0,0.0,0.0,0.0,0.0,6.7691426758635,0.0,0.0,6.077143515095717,0.0,0.0,0.0,0.0,0.0
2745,0.0,0.0,0.0,0.0,0.0,0.0,0.0,6.121495502161354,0.0,0.0,0.0,0.0,0.0,0.0,0.0,0.0,0.0,6.121495502161354,7.506142128543193,0.0,0.0,0.0,0.0,0.0,0.0,8.316766910526855,0.0,7.729175734280353,0.0,0.0,0.0,0.0,0.0,0.0,0.0,0.0,6.813544494621113,0.0,0.0,0.0,0.0,0.0
2975,0.0,0.0,0.0,0.0,0.0,0.0,0.0,0.0,0.0,0.0,0.0,0.0,0.0,0.0,0.0,0.0,0.0,6.90875477931522,8.294299608857235,0.0,0.0,0.0,0.0,6.90875477931522,0.0,7.313886831633462,6.2166061010848646,7.601402334583733,0.0,0.0,0.0,0.0,0.0,0.0,0.0,0.0,0.0,0.0,0.0,0.0,0.0,0.0
3063,0.0,0.0,0.0,0.0,0.0,0.0,0.0,0.0,0.0,6.90875477931522,0.0,0.0,0.0,0.0,0.0,0.0,0.0,7.601402334583733,0.0,6.90875477931522,6.2166061010848646,7.601402334583733,6.90875477931522,0.0,0.0,0.0,0.0,6.2166061010848646,0.0,0.0,0.0,0.0,6.2166061010848646,6.2166061010848646,0.0,0.0,0.0,0.0,0.0,6.2166061010848646,6.2166061010848646,0.0
3107,0.0,0.0,0.0,0.0,0.0,0.0,0.0,0.0,0.0,0.0,0.0,0.0,6.860014563948276,0.0,0.0,0.0,0.0,7.957927342245102,7.552637157608365,0.0,0.0,6.167915732334905,0.0,0.0,0.0,7.552637157608365,0.0,0.0,0.0,0.0,0.0,0.0,0.0,6.167915732334905,0.0,0.0,7.265129978035143,0.0,0.0,0.0,0.0,0.0
3380,0.0,0.0,0.0,0.0,0.0,0.0,0.0,0.0,0.0,0.0,0.0,0.0,6.034683666227958,0.0,0.0,0.0,0.0,6.034683666227958,8.11202803831707,0.0,0.0,7.1316985104669115,0.0,6.034683666227958,0.0,7.419180722820095,0.0,6.7266330027636645,0.0,0.0,0.0,6.034683666227958,0.0,0.0,0.0,0.0,0.0,0.0,6.7266330027636645,0.0,0.0,6.034683666227958
